{
  "loss": [
    0.02205655351281166,
    0.019383210688829422,
    0.009327257983386517,
    0.005650804843753576,
    0.004980233497917652,
    0.004587267525494099
  ],
  "val_loss": [
    0.3181455135345459,
    0.38825178146362305,
    0.36367669701576233,
    0.36324357986450195,
    0.37904250621795654,
    0.4150986671447754
  ]
}