{
  "threshold": 0.08498343341052532,
  "threshold_percentile": 99,
  "window_size": 30,
  "train_error_stats": {
    "mean": 0.01980297639966011,
    "std": 0.02304520085453987,
    "p50": 0.010533169843256474,
    "p95": 0.07025369107723235,
    "p99": 0.08498343341052532,
    "max": 0.1771978884935379
  }
}